{
  "with_classification_code": {
    "label": "With CLASSIFICATION_CODE",
    "n_features": 21,
    "best_model": "GradientBoosting",
    "best_cv": "StratifiedKFold",
    "cv_f1": 0.7399876282144812,
    "cv_std": 0.032678720252545077,
    "test_acc": 0.6012658227848101,
    "test_f1": 0.6039779697344901,
    "test_f1_ci": [
      0.5596471119399767,
      0.6437986897361214
    ],
    "test_acc_ci": [
      0.5569620253164557,
      0.6434599156118144
    ],
    "per_class_f1": {
      "Budget": 0.6224066390041494,
      "Moderate": 0.525,
      "Expensive": 0.5387755102040817,
      "Premium": 0.7297297297297297
    }
  },
  "without_classification_code": {
    "label": "Without CLASSIFICATION_CODE",
    "n_features": 20,
    "best_model": "GradientBoosting",
    "best_cv": "StratifiedKFold",
    "cv_f1": 0.7389424290060244,
    "cv_std": 0.030259612252104204,
    "test_acc": 0.5864978902953587,
    "test_f1": 0.5907473029826008,
    "test_f1_ci": [
      0.5468927286235878,
      0.633225320534931
    ],
    "test_acc_ci": [
      0.5421940928270043,
      0.630801687763713
    ],
    "per_class_f1": {
      "Budget": 0.6016949152542372,
      "Moderate": 0.5206611570247934,
      "Expensive": 0.5217391304347826,
      "Premium": 0.7188940092165899
    }
  }
}